{
    "accuracy": [
        0.4431813061237335,
        0.40625,
        0.4677734375,
        0.4833984375,
        0.5,
        0.5048828125,
        0.498046875,
        0.486328125,
        0.51171875,
        0.4951171875,
        0.49462366104125977,
        0.4814453125,
        0.5205078125,
        0.51171875,
        0.5048828125,
        0.525390625,
        0.53125,
        0.53125,
        0.53271484375,
        0.5392566919326782,
        0.54541015625,
        0.548095703125,
        0.5606971383094788,
        0.56201171875,
        0.579833984375,
        0.5806054472923279,
        0.571533203125,
        0.57275390625,
        0.5961538553237915,
        0.59814453125,
        0.6022643446922302,
        0.6025390625,
        0.598388671875,
        0.611083984375,
        0.5979567170143127,
        0.607177734375,
        0.61669921875,
        0.61083984375,
        0.61669921875,
        0.6202313303947449,
        0.6243990659713745,
        0.6220703125,
        0.63134765625,
        0.6290917992591858,
        0.649658203125,
        0.6318359375,
        0.6256009340286255,
        0.638671875,
        0.642333984375,
        0.642333984375,
        0.647705078125,
        0.64697265625,
        0.6707541346549988,
        0.65185546875,
        0.650634765625,
        0.6537041664123535,
        0.654541015625,
        0.663818359375,
        0.6481153964996338,
        0.71875,
        0.662430465221405,
        0.6655510663986206,
        0.6734204888343811,
        0.6821944117546082,
        0.6885260939598083,
        0.6959884166717529,
        0.7034507989883423,
        0.7089231610298157,
        0.7090588212013245,
        0.7187373042106628,
        0.7196418046951294,
        0.7226267457008362,
        0.725702166557312,
        0.7320338487625122,
        0.7345212697982788,
        0.7392247915267944,
        0.7404007315635681,
        0.7431142926216125,
        0.7494007349014282,
        0.750893235206604,
        0.7505314350128174,
        0.7483153343200684,
        0.756727397441864,
        0.7593505382537842,
        0.7626972794532776,
        0.759667158126831,
        0.7612500786781311,
        0.7649133801460266
    ],
    "loss": [
        1.3047947883605957,
        1.2353003025054932,
        1.232452154159546,
        1.2294844388961792,
        1.1875255107879639,
        1.1971852779388428,
        1.1930164098739624,
        1.2012124061584473,
        1.1914840936660767,
        1.229633092880249,
        1.2105293273925781,
        1.2323288917541504,
        1.1440656185150146,
        1.171157956123352,
        1.1667191982269287,
        1.1666496992111206,
        1.1240079402923584,
        1.12357759475708,
        1.1421968936920166,
        1.1220349073410034,
        1.1069042682647705,
        1.0881223678588867,
        1.0682661533355713,
        1.049560785293579,
        1.0251314640045166,
        1.0473140478134155,
        1.0538984537124634,
        1.0442121028900146,
        1.0178385972976685,
        1.0002535581588745,
        0.9832757711410522,
        0.9721209406852722,
        0.9994063973426819,
        0.9618152379989624,
        0.99372798204422,
        0.9694117307662964,
        0.9643012285232544,
        0.9655353426933289,
        0.9585068821907043,
        0.9453210234642029,
        0.9393408894538879,
        0.9406930208206177,
        0.9199277758598328,
        0.9248813390731812,
        0.898128867149353,
        0.9148303866386414,
        0.9318879246711731,
        0.9035402536392212,
        0.9049549102783203,
        0.8969690799713135,
        0.8900351524353027,
        0.871290922164917,
        0.8723809123039246,
        0.8952152132987976,
        0.8788719177246094,
        0.8574994802474976,
        0.875147819519043,
        0.8504704833030701,
        0.886904776096344,
        0.7228754162788391,
        0.8535673022270203,
        0.8427205681800842,
        0.8151114583015442,
        0.7990373969078064,
        0.7873249053955078,
        0.7741954922676086,
        0.7586865425109863,
        0.7462779879570007,
        0.7398888468742371,
        0.7229061722755432,
        0.7242059111595154,
        0.7083917260169983,
        0.6975396275520325,
        0.6855248212814331,
        0.6859904527664185,
        0.6751106977462769,
        0.6702872514724731,
        0.6611396670341492,
        0.6510213613510132,
        0.6434566974639893,
        0.6431877613067627,
        0.6453206539154053,
        0.6315165758132935,
        0.6254286170005798,
        0.6191902160644531,
        0.6215851306915283,
        0.616108238697052,
        0.6060157418251038
    ],
    "val_accuracy": [
        0.42915308475494385,
        0.4087947905063629,
        0.44218242168426514,
        0.41205212473869324,
        0.4226384460926056,
        0.27280130982398987,
        0.44625407457351685,
        0.41205212473869324,
        0.4560260474681854,
        0.47557002305984497,
        0.4731270372867584,
        0.4486970603466034,
        0.46824103593826294,
        0.4429967403411865,
        0.4446254074573517,
        0.4690553843975067,
        0.4837133586406708,
        0.47557002305984497,
        0.47964170575141907,
        0.5081433057785034,
        0.4527687430381775,
        0.5130293369293213,
        0.4861563444137573,
        0.5586318969726562,
        0.5651465654373169,
        0.40390878915786743,
        0.5162866711616516,
        0.46335503458976746,
        0.5578175783157349,
        0.5765472054481506,
        0.5586318969726562,
        0.4405537545681,
        0.5179153084754944,
        0.5333876013755798,
        0.5187296271324158,
        0.5537459254264832,
        0.6001628637313843,
        0.5325732827186584,
        0.5627036094665527,
        0.5732899308204651,
        0.5529316067695618,
        0.5358306169509888,
        0.5863192081451416,
        0.6172638535499573,
        0.6107491850852966,
        0.5912052392959595,
        0.6099348664283752,
        0.5570032596588135,
        0.6026058793067932,
        0.6441367864608765,
        0.6091205477714539,
        0.6188924908638,
        0.5252442955970764,
        0.594462513923645,
        0.6188924908638,
        0.6074918508529663,
        0.604234516620636,
        0.6311075091362,
        0.5399022698402405,
        0.5203583240509033,
        0.6343648433685303,
        0.6335504651069641,
        0.662866473197937,
        0.6938110589981079,
        0.6791530847549438,
        0.5757328867912292,
        0.6636807918548584,
        0.6905537247657776,
        0.6693810820579529,
        0.6799674034118652,
        0.6929967403411865,
        0.7092834115028381,
        0.6644951105117798,
        0.6807817816734314,
        0.732899010181427,
        0.6758957505226135,
        0.7353420257568359,
        0.7043973803520203,
        0.7052116990089417,
        0.757328987121582,
        0.6750814318656921,
        0.7174267172813416,
        0.7337133288383484,
        0.7166123986244202,
        0.7280130386352539,
        0.6726384162902832,
        0.5382736325263977,
        0.7100977301597595
    ],